message_id,subject,company,title,job_id
1990d4eb834a3fdb,Thanks for your application to Northrop Grumman,,,
1990d4e8d762d837,"Pulkit, we have received your application",,,
1990d4ba6789ceb1,Thank you for applying to Roblox!,,,
1990d40b5a686c28,Thank you for applying to Nuro,,,
1990d40a313206fa,Thank you for applying to Tau,,,uirements
1990d3212de78e23,Thank you for applying to Anduril Industries,,,
1990d2347398413d,Thank you for your application!,,,
199097121d2192fe,Tower Research Capital: Application Received,,,
19909687538888d6,Regarding the Summer Intern 2026 - Software Developer role at Five Rings,,,
1990965a8485ef06,Thank you for applying to the Lilly Team!,,,
198fd32d150a3afa,Thank you for applying to Freeform,,,
198fd26e9771a440,Thank You for Applying!,,,
198fd25143709981,Thank You for Applying at AMD,,,
198fd03d8d93d2c4,"Thank you for your application to Notion, Pulkit!",,,
198fd033d6a1dda1,Thank you for applying to Hudson River Trading!,,,
198fcfb022da727c,Tower Research Capital: Application Received,,,
198fcf4677c7a264,"Thank you for your application to Notion, Pulkit!",,,
198f6419c4e1bdda,"An update on your application for Campus Undergraduate Summer Internship Program - 2026 Software Engineer, Technology - New York, NY  - (25014374)",,,
198f241a581f11a9,Amazon application: Status update,,,
198f0f69779ec304,Thank you for your application to 1192735 AI Customer Engagement Analyst Intern,,,uisition
198ec93f9d837a8e,Thank you for applying - Ally Financial Inc.,,,
